<?xml version="1.0" encoding="UTF-8"?>
<!DOCTYPE mapper
        PUBLIC "-//mybatis.org//DTD Mapper 3.0//EN"
        "http://mybatis.org/dtd/mybatis-3-mapper.dtd">

<mapper namespace="com.lec.spring.repository.UserRepository">

    <sql id="SELECT_BASE">
        SELECT
            id "id"
             , username "username"
             , password "password"
             , email "email"
             , name "name"
             , regdate "regdate"
        FROM t5_user
        WHERE 1 = 1
    </sql>

    <select id="findById" resultType="com.lec.spring.domain.User">
        <include refid="SELECT_BASE"/>
        AND id = #{id}
    </select>

    <select id="findByUsername" resultType="com.lec.spring.domain.User">
        <include refid="SELECT_BASE"/>
        AND username = #{username}
    </select>

    <insert id="save" flushCache="true" parameterType="com.lec.spring.domain.User"
            useGeneratedKeys="true" keyColumn="id" keyProperty="id">
        INSERT INTO t5_user(username, password, name, email)
        VALUE(#{username}, #{password}, #{name}, #{email})
    </insert>

    <update id="update" flushCache="true" parameterType="com.lec.spring.domain.User">
        UPDATE t5_user SET username = #{username}, password = #{password}, name = #{name}, email = #{email}
        WHERE id = #{id}
    </update>

</mapper>